{
	"info": {
		"_postman_id": "5b6be235-fae5-41f2-af21-585f5e8da6f5",
		"name": "Hackathon",
		"schema": "https://schema.getpostman.com/json/collection/v2.1.0/collection.json",
		"_exporter_id": "8159841"
	},
	"item": [
		{
			"name": "Login",
			"event": [
				{
					"listen": "test",
					"script": {
						"exec": [
							"postman.setEnvironmentVariable('HACKATHON_TOKEN', JSON.parse(responseBody).access_token);"
						],
						"type": "text/javascript",
						"packages": {}
					}
				}
			],
			"request": {
				"method": "POST",
				"header": [],
				"body": {
					"mode": "raw",
					"raw": "{\r\n    \"email\": \"teste@teste.com.br\",\r\n    \"password\": \"123456\"\r\n}",
					"options": {
						"raw": {
							"language": "json"
						}
					}
				},
				"url": {
					"raw": "{{HACKATHON_URL}}login",
					"host": [
						"{{HACKATHON_URL}}login"
					]
				}
			},
			"response": []
		},
		{
			"name": "Cadastrar Usuário",
			"request": {
				"method": "POST",
				"header": [],
				"body": {
					"mode": "raw",
					"raw": "{\r\n    \"name\": \"Hackathon Teste\",\r\n    \"email\": \"teste@teste.com.br\",\r\n    \"password\": \"123456\"\r\n}",
					"options": {
						"raw": {
							"language": "json"
						}
					}
				},
				"url": {
					"raw": "{{HACKATHON_URL}}register",
					"host": [
						"{{HACKATHON_URL}}register"
					]
				}
			},
			"response": []
		},
		{
			"name": "Enviar Video",
			"protocolProfileBehavior": {
				"disabledSystemHeaders": {
					"accept": true,
					"connection": true,
					"user-agent": true,
					"accept-encoding": true
				}
			},
			"request": {
				"method": "POST",
				"header": [
					{
						"key": "Content-Type",
						"value": "multipart/form-data",
						"type": "text",
						"disabled": true
					},
					{
						"key": "Accept",
						"value": "application/json",
						"type": "text"
					}
				],
				"body": {
					"mode": "formdata",
					"formdata": [
						{
							"key": "video",
							"type": "file",
							"src": "/C:/Users/Fábio Peixoto/Downloads/video.mp4"
						},
						{
							"key": "interval",
							"value": "10",
							"type": "text"
						}
					]
				},
				"url": {
					"raw": "{{HACKATHON_URL}}uploads",
					"host": [
						"{{HACKATHON_URL}}uploads"
					]
				}
			},
			"response": []
		},
		{
			"name": "Consultar Upload",
			"protocolProfileBehavior": {
				"disableBodyPruning": true,
				"disabledSystemHeaders": {
					"accept": true,
					"connection": true,
					"user-agent": true,
					"accept-encoding": true
				}
			},
			"request": {
				"method": "GET",
				"header": [
					{
						"key": "Content-Type",
						"value": "multipart/form-data",
						"type": "text",
						"disabled": true
					},
					{
						"key": "Accept",
						"value": "application/json",
						"type": "text"
					}
				],
				"body": {
					"mode": "formdata",
					"formdata": [
						{
							"key": "video",
							"type": "file",
							"src": "/C:/Users/Fábio Peixoto/Downloads/video.mp4"
						},
						{
							"key": "interval",
							"value": "10",
							"type": "text"
						}
					]
				},
				"url": {
					"raw": "{{HACKATHON_URL}}uploads/15",
					"host": [
						"{{HACKATHON_URL}}uploads"
					],
					"path": [
						"15"
					]
				}
			},
			"response": []
		},
		{
			"name": "Listar Videos Usuário",
			"protocolProfileBehavior": {
				"disableBodyPruning": true,
				"disabledSystemHeaders": {
					"accept": true,
					"connection": true,
					"user-agent": true,
					"accept-encoding": true
				}
			},
			"request": {
				"method": "GET",
				"header": [
					{
						"key": "Content-Type",
						"value": "multipart/form-data",
						"type": "text",
						"disabled": true
					},
					{
						"key": "Accept",
						"value": "application/json",
						"type": "text"
					}
				],
				"body": {
					"mode": "formdata",
					"formdata": [
						{
							"key": "video",
							"type": "file",
							"src": "/C:/Users/Fábio Peixoto/Downloads/video.mp4"
						},
						{
							"key": "interval",
							"value": "10",
							"type": "text"
						}
					]
				},
				"url": {
					"raw": "{{HACKATHON_URL}}uploads",
					"host": [
						"{{HACKATHON_URL}}uploads"
					]
				}
			},
			"response": []
		}
	],
	"auth": {
		"type": "bearer",
		"bearer": [
			{
				"key": "token",
				"value": "{{HACKATHON_TOKEN}}",
				"type": "string"
			}
		]
	},
	"event": [
		{
			"listen": "prerequest",
			"script": {
				"type": "text/javascript",
				"packages": {},
				"exec": [
					""
				]
			}
		},
		{
			"listen": "test",
			"script": {
				"type": "text/javascript",
				"packages": {},
				"exec": [
					""
				]
			}
		}
	]
}