{
    "openapi": "3.0.0",
    "info": {
        "title": "Video Extract API",
        "description": "API responsável por enviar vídeos para extração de imagens",
        "version": "1.0.0"
    },
    "paths": {
        "/api/register": {
            "post": {
                "tags": [
                    "Auth"
                ],
                "summary": "Registrar",
                "operationId": "75b5fe66207651c115e91cb4781e0056",
                "requestBody": {
                    "required": true,
                    "content": {
                        "application/json": {
                            "schema": {
                                "required": [
                                    "name",
                                    "email",
                                    "password"
                                ],
                                "properties": {
                                    "name": {
                                        "type": "string",
                                        "example": "Hackathon Teste"
                                    },
                                    "email": {
                                        "type": "string",
                                        "example": "teste@teste.com.br"
                                    },
                                    "password": {
                                        "type": "string",
                                        "example": "123456"
                                    }
                                },
                                "type": "object"
                            }
                        }
                    }
                },
                "responses": {
                    "201": {
                        "description": "Registro bem-sucedido",
                        "content": {
                            "application/json": {
                                "schema": {
                                    "properties": {
                                        "token": {
                                            "type": "string"
                                        },
                                        "user": {
                                            "properties": {
                                                "id": {
                                                    "type": "integer"
                                                },
                                                "name": {
                                                    "type": "string"
                                                },
                                                "email": {
                                                    "type": "string"
                                                }
                                            },
                                            "type": "object"
                                        }
                                    },
                                    "type": "object"
                                },
                                "example": {
                                    "token": "token_de_autenticacao_aqui",
                                    "user": {
                                        "id": 1,
                                        "name": "Hackathon Teste",
                                        "email": "teste@teste.com.br"
                                    }
                                }
                            }
                        }
                    },
                    "400": {
                        "description": "Dados inválidos"
                    }
                },
                "security": [
                    {
                        "bearerAuth": []
                    }
                ]
            }
        },
        "/api/login": {
            "post": {
                "tags": [
                    "Auth"
                ],
                "summary": "Login",
                "operationId": "ca921de8293ee1cb4bbb3d8dc5de032d",
                "requestBody": {
                    "required": true,
                    "content": {
                        "application/json": {
                            "schema": {
                                "required": [
                                    "email",
                                    "password"
                                ],
                                "properties": {
                                    "email": {
                                        "type": "string",
                                        "example": "teste@teste.com.br"
                                    },
                                    "password": {
                                        "type": "string",
                                        "example": "123456"
                                    }
                                },
                                "type": "object"
                            }
                        }
                    }
                },
                "responses": {
                    "200": {
                        "description": "Login bem-sucedido",
                        "content": {
                            "application/json": {
                                "schema": {
                                    "properties": {
                                        "success": {
                                            "type": "boolean"
                                        },
                                        "access_token": {
                                            "type": "string"
                                        },
                                        "token_type": {
                                            "type": "string"
                                        }
                                    },
                                    "type": "object"
                                },
                                "example": {
                                    "success": true,
                                    "access_token": "15|yIWAhxDmfOXBaW1vd5ejRpKLo0dT6LNKjkvVkfJS2174c003",
                                    "token_type": "Bearer"
                                }
                            }
                        }
                    },
                    "401": {
                        "description": "Credenciais inválidas"
                    }
                },
                "security": [
                    {
                        "bearerAuth": []
                    }
                ]
            }
        },
        "/api/uploads": {
            "get": {
                "tags": [
                    "Uploads"
                ],
                "summary": "Listar todos os uploads",
                "operationId": "41e739b9cc52cabeb6a6e9fc5ec03851",
                "responses": {
                    "200": {
                        "description": "Lista de uploads",
                        "content": {
                            "application/json": {
                                "schema": {
                                    "type": "object"
                                },
                                "example": {
                                    "success": true,
                                    "files": [
                                        {
                                            "id": 47,
                                            "title": "phpsfPC0t",
                                            "path": "67a2aef22680a.mp4",
                                            "size": 1397107,
                                            "format": "mp4",
                                            "status": "pending",
                                            "zipUrl": null
                                        },
                                        {
                                            "id": 46,
                                            "title": "php8lYq8o",
                                            "path": "67a2ac422a3f9.mp4",
                                            "size": 1397107,
                                            "format": "mp4",
                                            "status": "pending",
                                            "zipUrl": null
                                        }
                                    ]
                                }
                            }
                        }
                    }
                },
                "security": [
                    {
                        "bearerAuth": []
                    }
                ]
            },
            "post": {
                "tags": [
                    "Uploads"
                ],
                "summary": "Upload de vídeo",
                "operationId": "b50bccbb442a5435b66628c7e407cc2a",
                "requestBody": {
                    "required": true,
                    "content": {
                        "multipart/form-data": {
                            "schema": {
                                "required": [
                                    "video",
                                    "interval"
                                ],
                                "properties": {
                                    "video": {
                                        "type": "string",
                                        "format": "binary"
                                    },
                                    "interval": {
                                        "type": "string",
                                        "example": "10"
                                    }
                                },
                                "type": "object"
                            }
                        }
                    }
                },
                "responses": {
                    "200": {
                        "description": "Upload bem-sucedido",
                        "content": {
                            "application/json": {
                                "schema": {
                                    "properties": {
                                        "success": {
                                            "type": "boolean"
                                        },
                                        "file": {
                                            "properties": {
                                                "id": {
                                                    "type": "integer"
                                                },
                                                "title": {
                                                    "type": "string"
                                                },
                                                "path": {
                                                    "type": "string"
                                                },
                                                "size": {
                                                    "type": "integer"
                                                },
                                                "format": {
                                                    "type": "string"
                                                },
                                                "status": {
                                                    "type": "string"
                                                },
                                                "zipUrl": {
                                                    "type": "string"
                                                }
                                            },
                                            "type": "object"
                                        }
                                    },
                                    "type": "object"
                                },
                                "example": {
                                    "success": true,
                                    "file": {
                                        "id": 50,
                                        "title": "phpWqHimU",
                                        "path": "67a2b0da64e9a.mp4",
                                        "size": 1397107,
                                        "format": "mp4",
                                        "status": "pending",
                                        "zipUrl": ""
                                    }
                                }
                            }
                        }
                    },
                    "400": {
                        "description": "Dados inválidos"
                    }
                },
                "security": [
                    {
                        "bearerAuth": []
                    }
                ]
            }
        },
        "/api/uploads/{id}": {
            "get": {
                "tags": [
                    "Uploads"
                ],
                "summary": "Obter detalhes de upload específico",
                "operationId": "0011e819b6dfa415fcc8747b2ea568a5",
                "parameters": [
                    {
                        "name": "id",
                        "in": "path",
                        "description": "ID do upload",
                        "required": true,
                        "schema": {
                            "type": "integer"
                        }
                    }
                ],
                "responses": {
                    "200": {
                        "description": "Detalhes do upload",
                        "content": {
                            "application/json": {
                                "schema": {
                                    "properties": {
                                        "success": {
                                            "type": "boolean"
                                        },
                                        "files": {
                                            "properties": {
                                                "id": {
                                                    "type": "integer"
                                                },
                                                "title": {
                                                    "type": "string"
                                                },
                                                "path": {
                                                    "type": "string"
                                                },
                                                "size": {
                                                    "type": "integer"
                                                },
                                                "format": {
                                                    "type": "string"
                                                },
                                                "status": {
                                                    "type": "string"
                                                },
                                                "zipUrl": {
                                                    "type": "string"
                                                }
                                            },
                                            "type": "object"
                                        }
                                    },
                                    "type": "object"
                                },
                                "example": {
                                    "success": true,
                                    "files": {
                                        "id": 50,
                                        "title": "phpWqHimU",
                                        "path": "67a2b0da64e9a.mp4",
                                        "size": 1397107,
                                        "format": "mp4",
                                        "status": "done",
                                        "zipUrl": "https://fiap-grupo57-hackathon-zip.s3.amazonaws.com/output/thumbnails-1738715363350.zip?X-Amz-Content-Sha256=UNSIGNED-PAYLOAD&X-Amz-Algorithm=AWS4-HMAC-SHA256&X-Amz-Credential=AKIAQMFMULWT3UDMESXZ%2F20250205%2Fus-east-1%2Fs3%2Faws4_request&X-Amz-Date=20250205T003124Z&X-Amz-SignedHeaders=host&X-Amz-Expires=86400&X-Amz-Signature=ad3d21d3889ca55cc2977ca356dfce4757b6c7a0e32865d2f18173ed4aab8024"
                                    }
                                }
                            }
                        }
                    },
                    "404": {
                        "description": "Upload não encontrado"
                    }
                },
                "security": [
                    {
                        "bearerAuth": []
                    }
                ]
            }
        }
    },
    "tags": [
        {
            "name": "Auth",
            "description": "Auth"
        },
        {
            "name": "Uploads",
            "description": "Uploads"
        }
    ]
}